Untitled Adhoc Report,,
Product:LIQUID HAND SOAP,,
Geography,Time,Unit Sales
Alabama - Multi Outlet,Week Ending 12-08-19,99159.44218
Alabama - Multi Outlet,Week Ending 12-15-19,95507.70327
Alabama - Multi Outlet,Week Ending 12-22-19,99804.09352
Alabama - Multi Outlet,Week Ending 12-29-19,107691.0301
Alabama - Multi Outlet,Week Ending 01-05-20,98978.62876
Alabama - Multi Outlet,Week Ending 01-12-20,102973.4043
Alabama - Multi Outlet,Week Ending 01-19-20,92589.81962
Alabama - Multi Outlet,Week Ending 01-26-20,88196.24819
Alabama - Multi Outlet,Week Ending 02-02-20,95827.78983
Alabama - Multi Outlet,Week Ending 02-09-20,110884.1734
Alabama - Multi Outlet,Week Ending 02-16-20,101365.2511
Alabama - Multi Outlet,Week Ending 02-23-20,93872.42519
Alabama - Multi Outlet,Week Ending 03-01-20,125634.6083
Alabama - Multi Outlet,Week Ending 03-08-20,209665.2079
Alabama - Multi Outlet,Week Ending 03-15-20,411283.898
Alabama - Multi Outlet,Week Ending 03-22-20,305026.7512
Arizona - Multi Outlet,Week Ending 12-08-19,175998.0572
Arizona - Multi Outlet,Week Ending 12-15-19,167564.481
Arizona - Multi Outlet,Week Ending 12-22-19,167818.7938
Arizona - Multi Outlet,Week Ending 12-29-19,163422.4572
Arizona - Multi Outlet,Week Ending 01-05-20,184163.7967
Arizona - Multi Outlet,Week Ending 01-12-20,207027.4891
Arizona - Multi Outlet,Week Ending 01-19-20,167620.2901
Arizona - Multi Outlet,Week Ending 01-26-20,165441.9668
Arizona - Multi Outlet,Week Ending 02-02-20,181486.0761
Arizona - Multi Outlet,Week Ending 02-09-20,188082.9576
Arizona - Multi Outlet,Week Ending 02-16-20,182861.7468
Arizona - Multi Outlet,Week Ending 02-23-20,179978.1165
Arizona - Multi Outlet,Week Ending 03-01-20,229203.7148
Arizona - Multi Outlet,Week Ending 03-08-20,398955.4751
Arizona - Multi Outlet,Week Ending 03-15-20,594835.4278
Arizona - Multi Outlet,Week Ending 03-22-20,400540.3392
Arkansas - Multi Outlet,Week Ending 12-08-19,58712.67122
Arkansas - Multi Outlet,Week Ending 12-15-19,55424.10075
Arkansas - Multi Outlet,Week Ending 12-22-19,55341.94788
Arkansas - Multi Outlet,Week Ending 12-29-19,58618.72269
Arkansas - Multi Outlet,Week Ending 01-05-20,55358.33772
Arkansas - Multi Outlet,Week Ending 01-12-20,59269.55322
Arkansas - Multi Outlet,Week Ending 01-19-20,51361.30766
Arkansas - Multi Outlet,Week Ending 01-26-20,50894.13435
Arkansas - Multi Outlet,Week Ending 02-02-20,58552.30202
Arkansas - Multi Outlet,Week Ending 02-09-20,66576.1527
Arkansas - Multi Outlet,Week Ending 02-16-20,59697.25998
Arkansas - Multi Outlet,Week Ending 02-23-20,58111.07954
Arkansas - Multi Outlet,Week Ending 03-01-20,69145.83256
Arkansas - Multi Outlet,Week Ending 03-08-20,108941.5258
Arkansas - Multi Outlet,Week Ending 03-15-20,239271.3183
Arkansas - Multi Outlet,Week Ending 03-22-20,183698.1935
California - Multi Outlet,Week Ending 12-08-19,588683.6844
California - Multi Outlet,Week Ending 12-15-19,550018.9203
California - Multi Outlet,Week Ending 12-22-19,546918.2167
California - Multi Outlet,Week Ending 12-29-19,526318.301
California - Multi Outlet,Week Ending 01-05-20,597495.2851
California - Multi Outlet,Week Ending 01-12-20,575409.9085
California - Multi Outlet,Week Ending 01-19-20,552580.1916
California - Multi Outlet,Week Ending 01-26-20,556576.3637
California - Multi Outlet,Week Ending 02-02-20,609402.8273
California - Multi Outlet,Week Ending 02-09-20,630993.8799
California - Multi Outlet,Week Ending 02-16-20,592452.1863
California - Multi Outlet,Week Ending 02-23-20,621615.3074
California - Multi Outlet,Week Ending 03-01-20,971331.9999
California - Multi Outlet,Week Ending 03-08-20,1679407.864
California - Multi Outlet,Week Ending 03-15-20,2242738.176
California - Multi Outlet,Week Ending 03-22-20,1520108.547
Colorado - Multi Outlet,Week Ending 12-08-19,126606.9268
Colorado - Multi Outlet,Week Ending 12-15-19,123706.846
Colorado - Multi Outlet,Week Ending 12-22-19,120771.9184
Colorado - Multi Outlet,Week Ending 12-29-19,115132.6194
Colorado - Multi Outlet,Week Ending 01-05-20,130300.5046
Colorado - Multi Outlet,Week Ending 01-12-20,144362.4662
Colorado - Multi Outlet,Week Ending 01-19-20,118206.9168
Colorado - Multi Outlet,Week Ending 01-26-20,118847.9215
Colorado - Multi Outlet,Week Ending 02-02-20,127079.8936
Colorado - Multi Outlet,Week Ending 02-09-20,125337.779
Colorado - Multi Outlet,Week Ending 02-16-20,129261.8252
Colorado - Multi Outlet,Week Ending 02-23-20,130746.1319
Colorado - Multi Outlet,Week Ending 03-01-20,180653.2058
Colorado - Multi Outlet,Week Ending 03-08-20,377083.0105
Colorado - Multi Outlet,Week Ending 03-15-20,501905.67
Colorado - Multi Outlet,Week Ending 03-22-20,285377.1525
Connecticut - Multi Outlet,Week Ending 12-08-19,73768.98539
Connecticut - Multi Outlet,Week Ending 12-15-19,71747.20112
Connecticut - Multi Outlet,Week Ending 12-22-19,70670.35803
Connecticut - Multi Outlet,Week Ending 12-29-19,74392.11761
Connecticut - Multi Outlet,Week Ending 01-05-20,75901.28728
Connecticut - Multi Outlet,Week Ending 01-12-20,76287.06645
Connecticut - Multi Outlet,Week Ending 01-19-20,76993.57662
Connecticut - Multi Outlet,Week Ending 01-26-20,74910.5615
Connecticut - Multi Outlet,Week Ending 02-02-20,74554.56975
Connecticut - Multi Outlet,Week Ending 02-09-20,81625.09937
Connecticut - Multi Outlet,Week Ending 02-16-20,73248.46697
Connecticut - Multi Outlet,Week Ending 02-23-20,74319.03872
Connecticut - Multi Outlet,Week Ending 03-01-20,107198.6717
Connecticut - Multi Outlet,Week Ending 03-08-20,212539.2404
Connecticut - Multi Outlet,Week Ending 03-15-20,312453.4234
Connecticut - Multi Outlet,Week Ending 03-22-20,223270.9974
Delaware - Multi Outlet,Week Ending 12-08-19,22463.85215
Delaware - Multi Outlet,Week Ending 12-15-19,19759.32472
Delaware - Multi Outlet,Week Ending 12-22-19,18282.19827
Delaware - Multi Outlet,Week Ending 12-29-19,19467.43656
Delaware - Multi Outlet,Week Ending 01-05-20,20834.90631
Delaware - Multi Outlet,Week Ending 01-12-20,19140.1783
Delaware - Multi Outlet,Week Ending 01-19-20,19089.62887
Delaware - Multi Outlet,Week Ending 01-26-20,19552.64249
Delaware - Multi Outlet,Week Ending 02-02-20,19375.58207
Delaware - Multi Outlet,Week Ending 02-09-20,20472.91731
Delaware - Multi Outlet,Week Ending 02-16-20,20812.05868
Delaware - Multi Outlet,Week Ending 02-23-20,20031.98848
Delaware - Multi Outlet,Week Ending 03-01-20,25618.35318
Delaware - Multi Outlet,Week Ending 03-08-20,50790.56217
Delaware - Multi Outlet,Week Ending 03-15-20,96725.94738
Delaware - Multi Outlet,Week Ending 03-22-20,66413.07319
Florida - Multi Outlet,Week Ending 12-08-19,442720.5775
Florida - Multi Outlet,Week Ending 12-15-19,458670.6956
Florida - Multi Outlet,Week Ending 12-22-19,474960.5016
Florida - Multi Outlet,Week Ending 12-29-19,510475.6468
Florida - Multi Outlet,Week Ending 01-05-20,537098.8821
Florida - Multi Outlet,Week Ending 01-12-20,464690.3462
Florida - Multi Outlet,Week Ending 01-19-20,486529.5207
Florida - Multi Outlet,Week Ending 01-26-20,429582.6259
Florida - Multi Outlet,Week Ending 02-02-20,474353.6738
Florida - Multi Outlet,Week Ending 02-09-20,568838.834
Florida - Multi Outlet,Week Ending 02-16-20,503764.8057
Florida - Multi Outlet,Week Ending 02-23-20,493743.3941
Florida - Multi Outlet,Week Ending 03-01-20,764356.743
Florida - Multi Outlet,Week Ending 03-08-20,1324953.951
Florida - Multi Outlet,Week Ending 03-15-20,1650490.236
Florida - Multi Outlet,Week Ending 03-22-20,1349488.293
Georgia - Multi Outlet,Week Ending 12-08-19,215217.5412
Georgia - Multi Outlet,Week Ending 12-15-19,209365.0438
Georgia - Multi Outlet,Week Ending 12-22-19,221799.9626
Georgia - Multi Outlet,Week Ending 12-29-19,223186.1926
Georgia - Multi Outlet,Week Ending 01-05-20,221831.0961
Georgia - Multi Outlet,Week Ending 01-12-20,244611.2118
Georgia - Multi Outlet,Week Ending 01-19-20,212058.4415
Georgia - Multi Outlet,Week Ending 01-26-20,198771.159
Georgia - Multi Outlet,Week Ending 02-02-20,216424.9766
Georgia - Multi Outlet,Week Ending 02-09-20,240527.5855
Georgia - Multi Outlet,Week Ending 02-16-20,232361.4117
Georgia - Multi Outlet,Week Ending 02-23-20,221978.563
Georgia - Multi Outlet,Week Ending 03-01-20,308377.528
Georgia - Multi Outlet,Week Ending 03-08-20,566672.524
Georgia - Multi Outlet,Week Ending 03-15-20,850087.8212
Georgia - Multi Outlet,Week Ending 03-22-20,678033.692
Idaho - Multi Outlet,Week Ending 12-08-19,28876.97925
Idaho - Multi Outlet,Week Ending 12-15-19,28829.26064
Idaho - Multi Outlet,Week Ending 12-22-19,29597.38561
Idaho - Multi Outlet,Week Ending 12-29-19,28095.6225
Idaho - Multi Outlet,Week Ending 01-05-20,28202.90354
Idaho - Multi Outlet,Week Ending 01-12-20,31615.79293
Idaho - Multi Outlet,Week Ending 01-19-20,24936.88039
Idaho - Multi Outlet,Week Ending 01-26-20,26310.2877
Idaho - Multi Outlet,Week Ending 02-02-20,27590.44761
Idaho - Multi Outlet,Week Ending 02-09-20,28444.78604
Idaho - Multi Outlet,Week Ending 02-16-20,28854.859
Idaho - Multi Outlet,Week Ending 02-23-20,28117.79945
Idaho - Multi Outlet,Week Ending 03-01-20,40837.60477
Idaho - Multi Outlet,Week Ending 03-08-20,78622.23939
Idaho - Multi Outlet,Week Ending 03-15-20,120934.1816
Idaho - Multi Outlet,Week Ending 03-22-20,64642.0934
Illinois - Multi Outlet,Week Ending 12-08-19,281585.0509
Illinois - Multi Outlet,Week Ending 12-15-19,266385.6866
Illinois - Multi Outlet,Week Ending 12-22-19,260420.4599
Illinois - Multi Outlet,Week Ending 12-29-19,256850.9934
Illinois - Multi Outlet,Week Ending 01-05-20,267029.3032
Illinois - Multi Outlet,Week Ending 01-12-20,267290.943
Illinois - Multi Outlet,Week Ending 01-19-20,247696.0362
Illinois - Multi Outlet,Week Ending 01-26-20,242815.9932
Illinois - Multi Outlet,Week Ending 02-02-20,273756.2224
Illinois - Multi Outlet,Week Ending 02-09-20,284681.5054
Illinois - Multi Outlet,Week Ending 02-16-20,266979.8808
Illinois - Multi Outlet,Week Ending 02-23-20,273195.7726
Illinois - Multi Outlet,Week Ending 03-01-20,373969.4309
Illinois - Multi Outlet,Week Ending 03-08-20,614398.6669
Illinois - Multi Outlet,Week Ending 03-15-20,1141392.083
Illinois - Multi Outlet,Week Ending 03-22-20,773999.1452
Indiana - Multi Outlet,Week Ending 12-08-19,153112.9932
Indiana - Multi Outlet,Week Ending 12-15-19,148176.3166
Indiana - Multi Outlet,Week Ending 12-22-19,145366.5493
Indiana - Multi Outlet,Week Ending 12-29-19,147417.745
Indiana - Multi Outlet,Week Ending 01-05-20,137163.5186
Indiana - Multi Outlet,Week Ending 01-12-20,157991.0185
Indiana - Multi Outlet,Week Ending 01-19-20,141669.6416
Indiana - Multi Outlet,Week Ending 01-26-20,131527.5171
Indiana - Multi Outlet,Week Ending 02-02-20,142188.2039
Indiana - Multi Outlet,Week Ending 02-09-20,149303.5816
Indiana - Multi Outlet,Week Ending 02-16-20,151036.1499
Indiana - Multi Outlet,Week Ending 02-23-20,151554.9769
Indiana - Multi Outlet,Week Ending 03-01-20,178903.5496
Indiana - Multi Outlet,Week Ending 03-08-20,291504.5242
Indiana - Multi Outlet,Week Ending 03-15-20,601248.4042
Indiana - Multi Outlet,Week Ending 03-22-20,447013.9984
Kansas - Multi Outlet,Week Ending 12-08-19,61988.55469
Kansas - Multi Outlet,Week Ending 12-15-19,59340.08407
Kansas - Multi Outlet,Week Ending 12-22-19,57125.40896
Kansas - Multi Outlet,Week Ending 12-29-19,58044.14533
Kansas - Multi Outlet,Week Ending 01-05-20,57481.78679
Kansas - Multi Outlet,Week Ending 01-12-20,70206.84043
Kansas - Multi Outlet,Week Ending 01-19-20,53269.01845
Kansas - Multi Outlet,Week Ending 01-26-20,55850.54827
Kansas - Multi Outlet,Week Ending 02-02-20,59941.12174
Kansas - Multi Outlet,Week Ending 02-09-20,63885.26662
Kansas - Multi Outlet,Week Ending 02-16-20,61644.19566
Kansas - Multi Outlet,Week Ending 02-23-20,61340.87028
Kansas - Multi Outlet,Week Ending 03-01-20,75864.28943
Kansas - Multi Outlet,Week Ending 03-08-20,124372.3896
Kansas - Multi Outlet,Week Ending 03-15-20,241525.9941
Kansas - Multi Outlet,Week Ending 03-22-20,182526.0877
Kentucky - Multi Outlet,Week Ending 12-08-19,103081.0057
Kentucky - Multi Outlet,Week Ending 12-15-19,100184.3195
Kentucky - Multi Outlet,Week Ending 12-22-19,99739.50449
Kentucky - Multi Outlet,Week Ending 12-29-19,97153.04506
Kentucky - Multi Outlet,Week Ending 01-05-20,98875.45486
Kentucky - Multi Outlet,Week Ending 01-12-20,117939.478
Kentucky - Multi Outlet,Week Ending 01-19-20,93681.38884
Kentucky - Multi Outlet,Week Ending 01-26-20,94956.33543
Kentucky - Multi Outlet,Week Ending 02-02-20,106273.6531
Kentucky - Multi Outlet,Week Ending 02-09-20,109306.6937
Kentucky - Multi Outlet,Week Ending 02-16-20,109129.4473
Kentucky - Multi Outlet,Week Ending 02-23-20,107673.0878
Kentucky - Multi Outlet,Week Ending 03-01-20,129209.7642
Kentucky - Multi Outlet,Week Ending 03-08-20,228436.7558
Kentucky - Multi Outlet,Week Ending 03-15-20,466373.4555
Kentucky - Multi Outlet,Week Ending 03-22-20,306184.5526
Louisiana - Multi Outlet,Week Ending 12-08-19,84716.11197
Louisiana - Multi Outlet,Week Ending 12-15-19,79262.00287
Louisiana - Multi Outlet,Week Ending 12-22-19,80991.59816
Louisiana - Multi Outlet,Week Ending 12-29-19,88507.17778
Louisiana - Multi Outlet,Week Ending 01-05-20,79785.77155
Louisiana - Multi Outlet,Week Ending 01-12-20,82034.16398
Louisiana - Multi Outlet,Week Ending 01-19-20,75441.39419
Louisiana - Multi Outlet,Week Ending 01-26-20,72976.58734
Louisiana - Multi Outlet,Week Ending 02-02-20,78851.81726
Louisiana - Multi Outlet,Week Ending 02-09-20,87522.06836
Louisiana - Multi Outlet,Week Ending 02-16-20,84846.1437
Louisiana - Multi Outlet,Week Ending 02-23-20,79872.3892
Louisiana - Multi Outlet,Week Ending 03-01-20,98040.6891
Louisiana - Multi Outlet,Week Ending 03-08-20,180182.6261
Louisiana - Multi Outlet,Week Ending 03-15-20,376472.8716
Louisiana - Multi Outlet,Week Ending 03-22-20,256559.1218
Maine - Multi Outlet,Week Ending 12-08-19,27247.44062
Maine - Multi Outlet,Week Ending 12-15-19,27499.24854
Maine - Multi Outlet,Week Ending 12-22-19,28346.00453
Maine - Multi Outlet,Week Ending 12-29-19,27980.4915
Maine - Multi Outlet,Week Ending 01-05-20,27339.26106
Maine - Multi Outlet,Week Ending 01-12-20,26068.59183
Maine - Multi Outlet,Week Ending 01-19-20,23247.38465
Maine - Multi Outlet,Week Ending 01-26-20,23756.59966
Maine - Multi Outlet,Week Ending 02-02-20,24928.95026
Maine - Multi Outlet,Week Ending 02-09-20,24906.09725
Maine - Multi Outlet,Week Ending 02-16-20,27028.79777
Maine - Multi Outlet,Week Ending 02-23-20,26667.48069
Maine - Multi Outlet,Week Ending 03-01-20,31725.6523
Maine - Multi Outlet,Week Ending 03-08-20,59510.40468
Maine - Multi Outlet,Week Ending 03-15-20,101935.9341
Maine - Multi Outlet,Week Ending 03-22-20,78917.21167
Maryland - Multi Outlet,Week Ending 12-08-19,129703.176
Maryland - Multi Outlet,Week Ending 12-15-19,123477.2594
Maryland - Multi Outlet,Week Ending 12-22-19,124475.9812
Maryland - Multi Outlet,Week Ending 12-29-19,127292.5094
Maryland - Multi Outlet,Week Ending 01-05-20,132913.8681
Maryland - Multi Outlet,Week Ending 01-12-20,120370.5523
Maryland - Multi Outlet,Week Ending 01-19-20,121761.5181
Maryland - Multi Outlet,Week Ending 01-26-20,128124.8874
Maryland - Multi Outlet,Week Ending 02-02-20,132351.4519
Maryland - Multi Outlet,Week Ending 02-09-20,134627.7721
Maryland - Multi Outlet,Week Ending 02-16-20,130811.8237
Maryland - Multi Outlet,Week Ending 02-23-20,134168.4612
Maryland - Multi Outlet,Week Ending 03-01-20,183814.0057
Maryland - Multi Outlet,Week Ending 03-08-20,338222.3557
Maryland - Multi Outlet,Week Ending 03-15-20,479888.0592
Maryland - Multi Outlet,Week Ending 03-22-20,350024.0078
Massachusetts - Multi Outlet,Week Ending 12-08-19,135914.6739
Massachusetts - Multi Outlet,Week Ending 12-15-19,136742.597
Massachusetts - Multi Outlet,Week Ending 12-22-19,131880.8222
Massachusetts - Multi Outlet,Week Ending 12-29-19,129000.023
Massachusetts - Multi Outlet,Week Ending 01-05-20,136923.8788
Massachusetts - Multi Outlet,Week Ending 01-12-20,136744.245
Massachusetts - Multi Outlet,Week Ending 01-19-20,139254.0965
Massachusetts - Multi Outlet,Week Ending 01-26-20,133392.0899
Massachusetts - Multi Outlet,Week Ending 02-02-20,138969.2743
Massachusetts - Multi Outlet,Week Ending 02-09-20,148160.3985
Massachusetts - Multi Outlet,Week Ending 02-16-20,137433.344
Massachusetts - Multi Outlet,Week Ending 02-23-20,144398.654
Massachusetts - Multi Outlet,Week Ending 03-01-20,190574.9068
Massachusetts - Multi Outlet,Week Ending 03-08-20,380137.452
Massachusetts - Multi Outlet,Week Ending 03-15-20,576120.4118
Massachusetts - Multi Outlet,Week Ending 03-22-20,432028.8241
Michigan - Multi Outlet,Week Ending 12-08-19,252764.7467
Michigan - Multi Outlet,Week Ending 12-15-19,248415.8249
Michigan - Multi Outlet,Week Ending 12-22-19,246192.2737
Michigan - Multi Outlet,Week Ending 12-29-19,240873.5066
Michigan - Multi Outlet,Week Ending 01-05-20,223858.2
Michigan - Multi Outlet,Week Ending 01-12-20,249348.4315
Michigan - Multi Outlet,Week Ending 01-19-20,224420.7091
Michigan - Multi Outlet,Week Ending 01-26-20,216451.6669
Michigan - Multi Outlet,Week Ending 02-02-20,232467.8277
Michigan - Multi Outlet,Week Ending 02-09-20,237075.0345
Michigan - Multi Outlet,Week Ending 02-16-20,244277.4048
Michigan - Multi Outlet,Week Ending 02-23-20,245114.3257
Michigan - Multi Outlet,Week Ending 03-01-20,291198.751
Michigan - Multi Outlet,Week Ending 03-08-20,462519.9542
Michigan - Multi Outlet,Week Ending 03-15-20,1091174.976
Michigan - Multi Outlet,Week Ending 03-22-20,746280.0434
Minnesota - Multi Outlet,Week Ending 12-08-19,124645.8058
Minnesota - Multi Outlet,Week Ending 12-15-19,118310.0446
Minnesota - Multi Outlet,Week Ending 12-22-19,121026.6144
Minnesota - Multi Outlet,Week Ending 12-29-19,107278.8762
Minnesota - Multi Outlet,Week Ending 01-05-20,108950.7327
Minnesota - Multi Outlet,Week Ending 01-12-20,107869.0826
Minnesota - Multi Outlet,Week Ending 01-19-20,99554.50252
Minnesota - Multi Outlet,Week Ending 01-26-20,102562.5022
Minnesota - Multi Outlet,Week Ending 02-02-20,108800.2315
Minnesota - Multi Outlet,Week Ending 02-09-20,116035.4334
Minnesota - Multi Outlet,Week Ending 02-16-20,111364.8458
Minnesota - Multi Outlet,Week Ending 02-23-20,114945.0083
Minnesota - Multi Outlet,Week Ending 03-01-20,149391.116
Minnesota - Multi Outlet,Week Ending 03-08-20,267400.5804
Minnesota - Multi Outlet,Week Ending 03-15-20,473792.2722
Minnesota - Multi Outlet,Week Ending 03-22-20,366693.7496
Mississippi - Multi Outlet,Week Ending 12-08-19,54244.73018
Mississippi - Multi Outlet,Week Ending 12-15-19,50727.4024
Mississippi - Multi Outlet,Week Ending 12-22-19,52479.51174
Mississippi - Multi Outlet,Week Ending 12-29-19,61497.99006
Mississippi - Multi Outlet,Week Ending 01-05-20,52794.51958
Mississippi - Multi Outlet,Week Ending 01-12-20,58604.83329
Mississippi - Multi Outlet,Week Ending 01-19-20,49046.86376
Mississippi - Multi Outlet,Week Ending 01-26-20,49031.49872
Mississippi - Multi Outlet,Week Ending 02-02-20,53024.06192
Mississippi - Multi Outlet,Week Ending 02-09-20,61306.61391
Mississippi - Multi Outlet,Week Ending 02-16-20,55942.05781
Mississippi - Multi Outlet,Week Ending 02-23-20,54336.40621
Mississippi - Multi Outlet,Week Ending 03-01-20,67391.3781
Mississippi - Multi Outlet,Week Ending 03-08-20,110287.8522
Mississippi - Multi Outlet,Week Ending 03-15-20,238028.125
Mississippi - Multi Outlet,Week Ending 03-22-20,185156.947
Missouri - Multi Outlet,Week Ending 12-08-19,131793.3737
Missouri - Multi Outlet,Week Ending 12-15-19,125011.7691
Missouri - Multi Outlet,Week Ending 12-22-19,119414.9508
Missouri - Multi Outlet,Week Ending 12-29-19,124987.1092
Missouri - Multi Outlet,Week Ending 01-05-20,122345.0101
Missouri - Multi Outlet,Week Ending 01-12-20,123745.2864
Missouri - Multi Outlet,Week Ending 01-19-20,110425.1985
Missouri - Multi Outlet,Week Ending 01-26-20,111863.5823
Missouri - Multi Outlet,Week Ending 02-02-20,123369.1401
Missouri - Multi Outlet,Week Ending 02-09-20,129036.0718
Missouri - Multi Outlet,Week Ending 02-16-20,124307.6947
Missouri - Multi Outlet,Week Ending 02-23-20,127553.2375
Missouri - Multi Outlet,Week Ending 03-01-20,155503.0352
Missouri - Multi Outlet,Week Ending 03-08-20,247735.8293
Missouri - Multi Outlet,Week Ending 03-15-20,489557.79
Missouri - Multi Outlet,Week Ending 03-22-20,367647.3237
Nebraska - Multi Outlet,Week Ending 12-08-19,41393.26233
Nebraska - Multi Outlet,Week Ending 12-15-19,39460.25731
Nebraska - Multi Outlet,Week Ending 12-22-19,39498.15361
Nebraska - Multi Outlet,Week Ending 12-29-19,38991.71881
Nebraska - Multi Outlet,Week Ending 01-05-20,36569.40312
Nebraska - Multi Outlet,Week Ending 01-12-20,42423.49918
Nebraska - Multi Outlet,Week Ending 01-19-20,35861.27124
Nebraska - Multi Outlet,Week Ending 01-26-20,34195.63187
Nebraska - Multi Outlet,Week Ending 02-02-20,39880.33641
Nebraska - Multi Outlet,Week Ending 02-09-20,40178.66714
Nebraska - Multi Outlet,Week Ending 02-16-20,40412.13415
Nebraska - Multi Outlet,Week Ending 02-23-20,39275.06157
Nebraska - Multi Outlet,Week Ending 03-01-20,52568.08482
Nebraska - Multi Outlet,Week Ending 03-08-20,104625.8841
Nebraska - Multi Outlet,Week Ending 03-15-20,171353.157
Nebraska - Multi Outlet,Week Ending 03-22-20,107871.5637
Nevada - Multi Outlet,Week Ending 12-08-19,59187.85891
Nevada - Multi Outlet,Week Ending 12-15-19,57066.72683
Nevada - Multi Outlet,Week Ending 12-22-19,58564.548
Nevada - Multi Outlet,Week Ending 12-29-19,62675.49141
Nevada - Multi Outlet,Week Ending 01-05-20,65825.05935
Nevada - Multi Outlet,Week Ending 01-12-20,66520.55886
Nevada - Multi Outlet,Week Ending 01-19-20,56877.11626
Nevada - Multi Outlet,Week Ending 01-26-20,58147.14677
Nevada - Multi Outlet,Week Ending 02-02-20,65586.8996
Nevada - Multi Outlet,Week Ending 02-09-20,65592.02297
Nevada - Multi Outlet,Week Ending 02-16-20,64734.47202
Nevada - Multi Outlet,Week Ending 02-23-20,64789.51506
Nevada - Multi Outlet,Week Ending 03-01-20,96287.61902
Nevada - Multi Outlet,Week Ending 03-08-20,186719.562
Nevada - Multi Outlet,Week Ending 03-15-20,228952.7808
Nevada - Multi Outlet,Week Ending 03-22-20,155831.5168
New Hampshire - Multi Outlet,Week Ending 12-08-19,35632.49833
New Hampshire - Multi Outlet,Week Ending 12-15-19,39016.20474
New Hampshire - Multi Outlet,Week Ending 12-22-19,38348.10318
New Hampshire - Multi Outlet,Week Ending 12-29-19,37754.11767
New Hampshire - Multi Outlet,Week Ending 01-05-20,38376.37163
New Hampshire - Multi Outlet,Week Ending 01-12-20,36759.11353
New Hampshire - Multi Outlet,Week Ending 01-19-20,36853.59381
New Hampshire - Multi Outlet,Week Ending 01-26-20,36517.18236
New Hampshire - Multi Outlet,Week Ending 02-02-20,35710.44008
New Hampshire - Multi Outlet,Week Ending 02-09-20,36360.6609
New Hampshire - Multi Outlet,Week Ending 02-16-20,37321.11532
New Hampshire - Multi Outlet,Week Ending 02-23-20,39821.35032
New Hampshire - Multi Outlet,Week Ending 03-01-20,45769.75389
New Hampshire - Multi Outlet,Week Ending 03-08-20,94407.39011
New Hampshire - Multi Outlet,Week Ending 03-15-20,143822.0662
New Hampshire - Multi Outlet,Week Ending 03-22-20,110083.6935
New Jersey - Multi Outlet,Week Ending 12-08-19,170526.1566
New Jersey - Multi Outlet,Week Ending 12-15-19,172101.7169
New Jersey - Multi Outlet,Week Ending 12-22-19,178264.6209
New Jersey - Multi Outlet,Week Ending 12-29-19,176841.5975
New Jersey - Multi Outlet,Week Ending 01-05-20,178208.4048
New Jersey - Multi Outlet,Week Ending 01-12-20,192698.927
New Jersey - Multi Outlet,Week Ending 01-19-20,182757.2797
New Jersey - Multi Outlet,Week Ending 01-26-20,195637.0832
New Jersey - Multi Outlet,Week Ending 02-02-20,186915.0464
New Jersey - Multi Outlet,Week Ending 02-09-20,198542.7227
New Jersey - Multi Outlet,Week Ending 02-16-20,181523.9383
New Jersey - Multi Outlet,Week Ending 02-23-20,183179.0523
New Jersey - Multi Outlet,Week Ending 03-01-20,243681.4811
New Jersey - Multi Outlet,Week Ending 03-08-20,565371.9244
New Jersey - Multi Outlet,Week Ending 03-15-20,794648.7804
New Jersey - Multi Outlet,Week Ending 03-22-20,504704.5774
New Mexico - Multi Outlet,Week Ending 12-08-19,46430.05425
New Mexico - Multi Outlet,Week Ending 12-15-19,41682.33072
New Mexico - Multi Outlet,Week Ending 12-22-19,42164.18207
New Mexico - Multi Outlet,Week Ending 12-29-19,42112.97788
New Mexico - Multi Outlet,Week Ending 01-05-20,44518.20982
New Mexico - Multi Outlet,Week Ending 01-12-20,45940.16218
New Mexico - Multi Outlet,Week Ending 01-19-20,41721.97187
New Mexico - Multi Outlet,Week Ending 01-26-20,42047.72558
New Mexico - Multi Outlet,Week Ending 02-02-20,43556.98361
New Mexico - Multi Outlet,Week Ending 02-09-20,47772.45881
New Mexico - Multi Outlet,Week Ending 02-16-20,45230.07069
New Mexico - Multi Outlet,Week Ending 02-23-20,46162.87195
New Mexico - Multi Outlet,Week Ending 03-01-20,57804.70949
New Mexico - Multi Outlet,Week Ending 03-08-20,109842.8897
New Mexico - Multi Outlet,Week Ending 03-15-20,178246.2269
New Mexico - Multi Outlet,Week Ending 03-22-20,114898.1559
New York - Multi Outlet,Week Ending 12-08-19,292888.0169
New York - Multi Outlet,Week Ending 12-15-19,297124.253
New York - Multi Outlet,Week Ending 12-22-19,289172.9991
New York - Multi Outlet,Week Ending 12-29-19,287698.0351
New York - Multi Outlet,Week Ending 01-05-20,290195.5902
New York - Multi Outlet,Week Ending 01-12-20,305236.9385
New York - Multi Outlet,Week Ending 01-19-20,295341.7549
New York - Multi Outlet,Week Ending 01-26-20,304725.8864
New York - Multi Outlet,Week Ending 02-02-20,307993.9881
New York - Multi Outlet,Week Ending 02-09-20,314999.1954
New York - Multi Outlet,Week Ending 02-16-20,304289.0995
New York - Multi Outlet,Week Ending 02-23-20,313876.9173
New York - Multi Outlet,Week Ending 03-01-20,409154.1736
New York - Multi Outlet,Week Ending 03-08-20,834071.7593
New York - Multi Outlet,Week Ending 03-15-20,1227481.533
New York - Multi Outlet,Week Ending 03-22-20,878251.1202
North Carolina - Multi Outlet,Week Ending 12-08-19,220667.2894
North Carolina - Multi Outlet,Week Ending 12-15-19,213176.1354
North Carolina - Multi Outlet,Week Ending 12-22-19,231590.0826
North Carolina - Multi Outlet,Week Ending 12-29-19,221203.9004
North Carolina - Multi Outlet,Week Ending 01-05-20,220128.276
North Carolina - Multi Outlet,Week Ending 01-12-20,204549.5493
North Carolina - Multi Outlet,Week Ending 01-19-20,204600.1599
North Carolina - Multi Outlet,Week Ending 01-26-20,204848.4058
North Carolina - Multi Outlet,Week Ending 02-02-20,231863.6016
North Carolina - Multi Outlet,Week Ending 02-09-20,224641.2984
North Carolina - Multi Outlet,Week Ending 02-16-20,223596.2185
North Carolina - Multi Outlet,Week Ending 02-23-20,212140.0295
North Carolina - Multi Outlet,Week Ending 03-01-20,297122.6832
North Carolina - Multi Outlet,Week Ending 03-08-20,555268.1836
North Carolina - Multi Outlet,Week Ending 03-15-20,801179.3728
North Carolina - Multi Outlet,Week Ending 03-22-20,582838.4122
Ohio - Multi Outlet,Week Ending 12-08-19,283192.0895
Ohio - Multi Outlet,Week Ending 12-15-19,277291.1182
Ohio - Multi Outlet,Week Ending 12-22-19,279205.0714
Ohio - Multi Outlet,Week Ending 12-29-19,262601.6894
Ohio - Multi Outlet,Week Ending 01-05-20,255754.9124
Ohio - Multi Outlet,Week Ending 01-12-20,308360.5418
Ohio - Multi Outlet,Week Ending 01-19-20,250957.6387
Ohio - Multi Outlet,Week Ending 01-26-20,250386.3931
Ohio - Multi Outlet,Week Ending 02-02-20,276290.2353
Ohio - Multi Outlet,Week Ending 02-09-20,280003.0037
Ohio - Multi Outlet,Week Ending 02-16-20,282853.2369
Ohio - Multi Outlet,Week Ending 02-23-20,284750.693
Ohio - Multi Outlet,Week Ending 03-01-20,346574.215
Ohio - Multi Outlet,Week Ending 03-08-20,565296.091
Ohio - Multi Outlet,Week Ending 03-15-20,1216200.009
Ohio - Multi Outlet,Week Ending 03-22-20,820722.4501
Oklahoma - Multi Outlet,Week Ending 12-08-19,73906.2822
Oklahoma - Multi Outlet,Week Ending 12-15-19,69354.59272
Oklahoma - Multi Outlet,Week Ending 12-22-19,69366.16207
Oklahoma - Multi Outlet,Week Ending 12-29-19,71361.47062
Oklahoma - Multi Outlet,Week Ending 01-05-20,71169.99508
Oklahoma - Multi Outlet,Week Ending 01-12-20,68086.19986
Oklahoma - Multi Outlet,Week Ending 01-19-20,64177.56438
Oklahoma - Multi Outlet,Week Ending 01-26-20,63253.41587
Oklahoma - Multi Outlet,Week Ending 02-02-20,68845.87726
Oklahoma - Multi Outlet,Week Ending 02-09-20,74616.48139
Oklahoma - Multi Outlet,Week Ending 02-16-20,70944.88694
Oklahoma - Multi Outlet,Week Ending 02-23-20,69601.41644
Oklahoma - Multi Outlet,Week Ending 03-01-20,85554.39664
Oklahoma - Multi Outlet,Week Ending 03-08-20,139908.8341
Oklahoma - Multi Outlet,Week Ending 03-15-20,250213.901
Oklahoma - Multi Outlet,Week Ending 03-22-20,208022.2961
Oregon - Multi Outlet,Week Ending 12-08-19,73158.18394
Oregon - Multi Outlet,Week Ending 12-15-19,67642.33615
Oregon - Multi Outlet,Week Ending 12-22-19,68502.80415
Oregon - Multi Outlet,Week Ending 12-29-19,64080.28094
Oregon - Multi Outlet,Week Ending 01-05-20,71936.7984
Oregon - Multi Outlet,Week Ending 01-12-20,77603.72161
Oregon - Multi Outlet,Week Ending 01-19-20,61171.85705
Oregon - Multi Outlet,Week Ending 01-26-20,65283.29605
Oregon - Multi Outlet,Week Ending 02-02-20,67665.17948
Oregon - Multi Outlet,Week Ending 02-09-20,70131.04689
Oregon - Multi Outlet,Week Ending 02-16-20,68219.80334
Oregon - Multi Outlet,Week Ending 02-23-20,67614.95563
Oregon - Multi Outlet,Week Ending 03-01-20,125475.7507
Oregon - Multi Outlet,Week Ending 03-08-20,189989.2798
Oregon - Multi Outlet,Week Ending 03-15-20,265265.5936
Oregon - Multi Outlet,Week Ending 03-22-20,184570.8383
Pennsylvania - Multi Outlet,Week Ending 12-08-19,296060.9914
Pennsylvania - Multi Outlet,Week Ending 12-15-19,284900.566
Pennsylvania - Multi Outlet,Week Ending 12-22-19,274859.1667
Pennsylvania - Multi Outlet,Week Ending 12-29-19,257141.4059
Pennsylvania - Multi Outlet,Week Ending 01-05-20,268972.468
Pennsylvania - Multi Outlet,Week Ending 01-12-20,269879.4268
Pennsylvania - Multi Outlet,Week Ending 01-19-20,273613.9544
Pennsylvania - Multi Outlet,Week Ending 01-26-20,271089.9578
Pennsylvania - Multi Outlet,Week Ending 02-02-20,286064.5556
Pennsylvania - Multi Outlet,Week Ending 02-09-20,286679.8604
Pennsylvania - Multi Outlet,Week Ending 02-16-20,280363.7226
Pennsylvania - Multi Outlet,Week Ending 02-23-20,281631.8224
Pennsylvania - Multi Outlet,Week Ending 03-01-20,366993.6102
Pennsylvania - Multi Outlet,Week Ending 03-08-20,670613.5646
Pennsylvania - Multi Outlet,Week Ending 03-15-20,1133883.007
Pennsylvania - Multi Outlet,Week Ending 03-22-20,764191.822
Rhode Island - Multi Outlet,Week Ending 12-08-19,19522.70221
Rhode Island - Multi Outlet,Week Ending 12-15-19,17867.22965
Rhode Island - Multi Outlet,Week Ending 12-22-19,17554.91465
Rhode Island - Multi Outlet,Week Ending 12-29-19,18872.88428
Rhode Island - Multi Outlet,Week Ending 01-05-20,19648.40951
Rhode Island - Multi Outlet,Week Ending 01-12-20,18289.47528
Rhode Island - Multi Outlet,Week Ending 01-19-20,18883.2173
Rhode Island - Multi Outlet,Week Ending 01-26-20,18446.96202
Rhode Island - Multi Outlet,Week Ending 02-02-20,19568.46893
Rhode Island - Multi Outlet,Week Ending 02-09-20,21257.98854
Rhode Island - Multi Outlet,Week Ending 02-16-20,19541.67204
Rhode Island - Multi Outlet,Week Ending 02-23-20,19682.51892
Rhode Island - Multi Outlet,Week Ending 03-01-20,25955.1931
Rhode Island - Multi Outlet,Week Ending 03-08-20,56403.63244
Rhode Island - Multi Outlet,Week Ending 03-15-20,75348.82925
Rhode Island - Multi Outlet,Week Ending 03-22-20,67304.61413
South Carolina - Multi Outlet,Week Ending 12-08-19,103702.2535
South Carolina - Multi Outlet,Week Ending 12-15-19,101035.792
South Carolina - Multi Outlet,Week Ending 12-22-19,113221.3326
South Carolina - Multi Outlet,Week Ending 12-29-19,111781.7109
South Carolina - Multi Outlet,Week Ending 01-05-20,111292.6692
South Carolina - Multi Outlet,Week Ending 01-12-20,107340.1317
South Carolina - Multi Outlet,Week Ending 01-19-20,102079.6088
South Carolina - Multi Outlet,Week Ending 01-26-20,95024.69889
South Carolina - Multi Outlet,Week Ending 02-02-20,106274.0962
South Carolina - Multi Outlet,Week Ending 02-09-20,115894.0192
South Carolina - Multi Outlet,Week Ending 02-16-20,109771.4472
South Carolina - Multi Outlet,Week Ending 02-23-20,103237.3459
South Carolina - Multi Outlet,Week Ending 03-01-20,134971.0905
South Carolina - Multi Outlet,Week Ending 03-08-20,248053.3616
South Carolina - Multi Outlet,Week Ending 03-15-20,404899.4976
South Carolina - Multi Outlet,Week Ending 03-22-20,324586.161
South Dakota - Multi Outlet,Week Ending 12-08-19,17236.88997
South Dakota - Multi Outlet,Week Ending 12-15-19,17267.97463
South Dakota - Multi Outlet,Week Ending 12-22-19,16064.31588
South Dakota - Multi Outlet,Week Ending 12-29-19,16543.81193
South Dakota - Multi Outlet,Week Ending 01-05-20,15755.11751
South Dakota - Multi Outlet,Week Ending 01-12-20,15796.53053
South Dakota - Multi Outlet,Week Ending 01-19-20,13165.74564
South Dakota - Multi Outlet,Week Ending 01-26-20,15396.56475
South Dakota - Multi Outlet,Week Ending 02-02-20,14919.29239
South Dakota - Multi Outlet,Week Ending 02-09-20,16172.71862
South Dakota - Multi Outlet,Week Ending 02-16-20,15578.67274
South Dakota - Multi Outlet,Week Ending 02-23-20,15868.23195
South Dakota - Multi Outlet,Week Ending 03-01-20,19379.66206
South Dakota - Multi Outlet,Week Ending 03-08-20,32484.16295
South Dakota - Multi Outlet,Week Ending 03-15-20,69133.74959
South Dakota - Multi Outlet,Week Ending 03-22-20,47730.64366
Tennessee - Multi Outlet,Week Ending 12-08-19,146704.4726
Tennessee - Multi Outlet,Week Ending 12-15-19,141040.9799
Tennessee - Multi Outlet,Week Ending 12-22-19,144565.1379
Tennessee - Multi Outlet,Week Ending 12-29-19,141531.1153
Tennessee - Multi Outlet,Week Ending 01-05-20,143198.0533
Tennessee - Multi Outlet,Week Ending 01-12-20,162526.5303
Tennessee - Multi Outlet,Week Ending 01-19-20,134445.7384
Tennessee - Multi Outlet,Week Ending 01-26-20,134336.8811
Tennessee - Multi Outlet,Week Ending 02-02-20,145518.4615
Tennessee - Multi Outlet,Week Ending 02-09-20,155739.3875
Tennessee - Multi Outlet,Week Ending 02-16-20,149275.6307
Tennessee - Multi Outlet,Week Ending 02-23-20,146674.587
Tennessee - Multi Outlet,Week Ending 03-01-20,189279.4044
Tennessee - Multi Outlet,Week Ending 03-08-20,347623.2681
Tennessee - Multi Outlet,Week Ending 03-15-20,587299.9715
Tennessee - Multi Outlet,Week Ending 03-22-20,427357.9413
Texas - Multi Outlet,Week Ending 12-08-19,630199.3211
Texas - Multi Outlet,Week Ending 12-15-19,583080.5997
Texas - Multi Outlet,Week Ending 12-22-19,605967.3031
Texas - Multi Outlet,Week Ending 12-29-19,629818.0207
Texas - Multi Outlet,Week Ending 01-05-20,613572.5166
Texas - Multi Outlet,Week Ending 01-12-20,651054.3809
Texas - Multi Outlet,Week Ending 01-19-20,620599.9768
Texas - Multi Outlet,Week Ending 01-26-20,585500.319
Texas - Multi Outlet,Week Ending 02-02-20,630439.8516
Texas - Multi Outlet,Week Ending 02-09-20,658160.8179
Texas - Multi Outlet,Week Ending 02-16-20,715061.7837
Texas - Multi Outlet,Week Ending 02-23-20,617332.1598
Texas - Multi Outlet,Week Ending 03-01-20,917911.1054
Texas - Multi Outlet,Week Ending 03-08-20,1535023.521
Texas - Multi Outlet,Week Ending 03-15-20,2477218.674
Texas - Multi Outlet,Week Ending 03-22-20,1692539.409
Utah - Multi Outlet,Week Ending 12-08-19,68682.17902
Utah - Multi Outlet,Week Ending 12-15-19,67622.20635
Utah - Multi Outlet,Week Ending 12-22-19,70553.62666
Utah - Multi Outlet,Week Ending 12-29-19,55276.32739
Utah - Multi Outlet,Week Ending 01-05-20,57670.68929
Utah - Multi Outlet,Week Ending 01-12-20,70630.19917
Utah - Multi Outlet,Week Ending 01-19-20,55844.80795
Utah - Multi Outlet,Week Ending 01-26-20,58433.1958
Utah - Multi Outlet,Week Ending 02-02-20,62033.41739
Utah - Multi Outlet,Week Ending 02-09-20,63742.9777
Utah - Multi Outlet,Week Ending 02-16-20,64701.52889
Utah - Multi Outlet,Week Ending 02-23-20,66964.16181
Utah - Multi Outlet,Week Ending 03-01-20,95410.52664
Utah - Multi Outlet,Week Ending 03-08-20,180815.3509
Utah - Multi Outlet,Week Ending 03-15-20,232057.6408
Utah - Multi Outlet,Week Ending 03-22-20,151205.7992
Vermont - Multi Outlet,Week Ending 12-08-19,8536.087653
Vermont - Multi Outlet,Week Ending 12-15-19,8741.780109
Vermont - Multi Outlet,Week Ending 12-22-19,9790.76881
Vermont - Multi Outlet,Week Ending 12-29-19,9610.49435
Vermont - Multi Outlet,Week Ending 01-05-20,9950.214825
Vermont - Multi Outlet,Week Ending 01-12-20,10358.57949
Vermont - Multi Outlet,Week Ending 01-19-20,8958.033994
Vermont - Multi Outlet,Week Ending 01-26-20,9261.003276
Vermont - Multi Outlet,Week Ending 02-02-20,9201.97629
Vermont - Multi Outlet,Week Ending 02-09-20,9491.868753
Vermont - Multi Outlet,Week Ending 02-16-20,9763.377473
Vermont - Multi Outlet,Week Ending 02-23-20,10283.99816
Vermont - Multi Outlet,Week Ending 03-01-20,11338.70575
Vermont - Multi Outlet,Week Ending 03-08-20,23895.36505
Vermont - Multi Outlet,Week Ending 03-15-20,36529.60253
Vermont - Multi Outlet,Week Ending 03-22-20,25614.27012
Virginia - Multi Outlet,Week Ending 12-08-19,193642.0033
Virginia - Multi Outlet,Week Ending 12-15-19,188394.531
Virginia - Multi Outlet,Week Ending 12-22-19,193655.842
Virginia - Multi Outlet,Week Ending 12-29-19,185498.7454
Virginia - Multi Outlet,Week Ending 01-05-20,193428.0122
Virginia - Multi Outlet,Week Ending 01-12-20,201584.1778
Virginia - Multi Outlet,Week Ending 01-19-20,189245.5153
Virginia - Multi Outlet,Week Ending 01-26-20,187733.1923
Virginia - Multi Outlet,Week Ending 02-02-20,202434.3012
Virginia - Multi Outlet,Week Ending 02-09-20,203794.8154
Virginia - Multi Outlet,Week Ending 02-16-20,201516.5607
Virginia - Multi Outlet,Week Ending 02-23-20,201268.1763
Virginia - Multi Outlet,Week Ending 03-01-20,277666.7386
Virginia - Multi Outlet,Week Ending 03-08-20,497309.2866
Virginia - Multi Outlet,Week Ending 03-15-20,771196.5101
Virginia - Multi Outlet,Week Ending 03-22-20,573774.3696
Washington - Multi Outlet,Week Ending 12-08-19,133420.7279
Washington - Multi Outlet,Week Ending 12-15-19,125016.5257
Washington - Multi Outlet,Week Ending 12-22-19,124089.2847
Washington - Multi Outlet,Week Ending 12-29-19,114217.8096
Washington - Multi Outlet,Week Ending 01-05-20,132044.7067
Washington - Multi Outlet,Week Ending 01-12-20,138790.2674
Washington - Multi Outlet,Week Ending 01-19-20,115648.1001
Washington - Multi Outlet,Week Ending 01-26-20,123576.9141
Washington - Multi Outlet,Week Ending 02-02-20,132408.9819
Washington - Multi Outlet,Week Ending 02-09-20,130553.2887
Washington - Multi Outlet,Week Ending 02-16-20,130042.8897
Washington - Multi Outlet,Week Ending 02-23-20,129592.1337
Washington - Multi Outlet,Week Ending 03-01-20,244080.9759
Washington - Multi Outlet,Week Ending 03-08-20,417452.5776
Washington - Multi Outlet,Week Ending 03-15-20,470345.5104
Washington - Multi Outlet,Week Ending 03-22-20,309691.1852
West Virginia - Multi Outlet,Week Ending 12-08-19,36875.23425
West Virginia - Multi Outlet,Week Ending 12-15-19,35383.41293
West Virginia - Multi Outlet,Week Ending 12-22-19,34294.22515
West Virginia - Multi Outlet,Week Ending 12-29-19,34877.73234
West Virginia - Multi Outlet,Week Ending 01-05-20,34701.71082
West Virginia - Multi Outlet,Week Ending 01-12-20,44625.77312
West Virginia - Multi Outlet,Week Ending 01-19-20,35887.303
West Virginia - Multi Outlet,Week Ending 01-26-20,34032.35027
West Virginia - Multi Outlet,Week Ending 02-02-20,37833.45644
West Virginia - Multi Outlet,Week Ending 02-09-20,41357.13127
West Virginia - Multi Outlet,Week Ending 02-16-20,40707.30046
West Virginia - Multi Outlet,Week Ending 02-23-20,39660.19192
West Virginia - Multi Outlet,Week Ending 03-01-20,46432.92263
West Virginia - Multi Outlet,Week Ending 03-08-20,76186.37043
West Virginia - Multi Outlet,Week Ending 03-15-20,156671.2411
West Virginia - Multi Outlet,Week Ending 03-22-20,122755.2746
Wisconsin - Multi Outlet,Week Ending 12-08-19,121313.4992
Wisconsin - Multi Outlet,Week Ending 12-15-19,112118.3064
Wisconsin - Multi Outlet,Week Ending 12-22-19,114207.4787
Wisconsin - Multi Outlet,Week Ending 12-29-19,108066.9947
Wisconsin - Multi Outlet,Week Ending 01-05-20,105333.4547
Wisconsin - Multi Outlet,Week Ending 01-12-20,114822.8303
Wisconsin - Multi Outlet,Week Ending 01-19-20,95994.41208
Wisconsin - Multi Outlet,Week Ending 01-26-20,101630.8765
Wisconsin - Multi Outlet,Week Ending 02-02-20,110957.3438
Wisconsin - Multi Outlet,Week Ending 02-09-20,120204.3791
Wisconsin - Multi Outlet,Week Ending 02-16-20,111094.955
Wisconsin - Multi Outlet,Week Ending 02-23-20,112606.7085
Wisconsin - Multi Outlet,Week Ending 03-01-20,136314.7615
Wisconsin - Multi Outlet,Week Ending 03-08-20,220255.6072
Wisconsin - Multi Outlet,Week Ending 03-15-20,482041.8241
Wisconsin - Multi Outlet,Week Ending 03-22-20,331849.054
Wyoming - Multi Outlet,Week Ending 12-08-19,10424.49633
Wyoming - Multi Outlet,Week Ending 12-15-19,10059.41769
Wyoming - Multi Outlet,Week Ending 12-22-19,10162.13513
Wyoming - Multi Outlet,Week Ending 12-29-19,9474.713997
Wyoming - Multi Outlet,Week Ending 01-05-20,10096.98331
Wyoming - Multi Outlet,Week Ending 01-12-20,10401.40357
Wyoming - Multi Outlet,Week Ending 01-19-20,9140.331348
Wyoming - Multi Outlet,Week Ending 01-26-20,9729.052493
Wyoming - Multi Outlet,Week Ending 02-02-20,10347.66906
Wyoming - Multi Outlet,Week Ending 02-09-20,10244.05803
Wyoming - Multi Outlet,Week Ending 02-16-20,10254.35624
Wyoming - Multi Outlet,Week Ending 02-23-20,10158.71925
Wyoming - Multi Outlet,Week Ending 03-01-20,13264.80792
Wyoming - Multi Outlet,Week Ending 03-08-20,24665.7152
Wyoming - Multi Outlet,Week Ending 03-15-20,44177.38448
Wyoming - Multi Outlet,Week Ending 03-22-20,24916.00878